{
          "And": {
                    "1": [
                              0.9276917576789856
                    ]
          },
          "angel": {
                    "1": [
                              0.8983744382858276
                    ]
          },
          "said": {
                    "1": [
                              0.8589311838150024
                    ]
          },
          "unto": {
                    "1": [
                              0.8299843072891235
                    ]
          },
          "me": {
                    "1": [
                              0.8003965616226196
                    ]
          },
          "Wherefore": {
                    "1": [
                              0.7583909034729004
                    ]
          },
          "didst": {
                    "1": [
                              0.6596817374229431
                    ]
          },
          "thou": {
                    "1": [
                              0.5591598749160767
                    ]
          }
}