{
          "And": {
                    "3": [
                              0.3606836497783661
                    ]
          },
          "angel": {
                    "1": [
                              0.5243611335754395
                    ]
          },
          "said": {
                    "1": [
                              0.475738525390625
                    ]
          },
          "unto": {
                    "1": [
                              0.4835912585258484
                    ]
          },
          "me": {
                    "1": [
                              0.3384850025177002
                    ]
          },
          "Wherefore": {
                    "1": [
                              0.7035905718803406
                    ]
          },
          "didst": {
                    "1": [
                              0.48215311765670776
                    ]
          },
          "thou": {
                    "1": [
                              0.37505945563316345
                    ]
          },
          "marvel": {
                    "1": [
                              0.39883533120155334
                    ]
          },
          "?": {
                    "3": [
                              0.365144819021225
                    ]
          },
          "I": {
                    "3": [
                              0.36541739106178284
                    ]
          },
          "will": {
                    "3": [
                              0.3601522743701935
                    ]
          },
          "tell": {
                    "3": [
                              0.3409484922885895
                    ]
          },
          "thee": {
                    "1": [
                              0.36781564354896545
                    ]
          },
          "mystery": {
                    "1": [
                              0.3627934753894806
                    ]
          },
          "woman": {
                    "3": [
                              0.3645854890346527
                    ]
          },
          "beast": {
                    "3": [
                              0.3654223084449768
                    ]
          },
          "that": {
                    "3": [
                              0.3675476610660553
                    ]
          },
          "carrieth": {
                    "3": [
                              0.35712242126464844
                    ]
          },
          "her": {
                    "3": [
                              0.3756726086139679
                    ]
          },
          "which": {
                    "3": [
                              0.3768390715122223
                    ]
          },
          "hath": {
                    "3": [
                              0.3805207312107086
                    ]
          },
          "seven": {
                    "3": [
                              0.3835773468017578
                    ]
          },
          "heads": {
                    "3": [
                              0.38710376620292664
                    ]
          },
          "ten": {
                    "3": [
                              0.3806003928184509
                    ]
          },
          "horns": {
                    "1": [
                              0.5356979370117188
                    ]
          },
          ".": {
                    "1": [
                              0.6095885038375854
                    ]
          }
}